ID,Code,Name
1,AF,AFGHANISTAN
2,AX,ÅLAND
3,AL,ALBANIA
4,DZ,ALGERIA
5,AD,ANDORRA
6,AO,ANGOLA
7,AI,ANGUILLA
8,AG,ANTIGUA AND BARBUDA
9,AR,ARGENTINA
10,AM,ARMENIA
11,AW,ARUBA
12,AU,AUSTRALIA
13,AT,AUSTRIA
14,AZ,AZERBAIJAN
15,BS,BAHAMAS
16,BH,BAHRAIN
17,BD,BANGLADESH
18,BB,BARBADOS
19,BY,BELARUS
20,BE,BELGIUM
21,BZ,BELIZE
22,BJ,BENIN
23,BM,BERMUDA
24,BT,BHUTAN
25,BO,BOLIVIA
26,BQ,BONAIRE SINT EUSTATIUS AND SABA
27,BA,BOSNIA AND HERZEGOVINA
28,BW,BOTSWANA
29,BV,BOUVET ISLAND
30,BR,BRAZIL
31,IO,BRITISH INDIAN OCEAN TERRITORY
32,VG,BRITISH VIRGIN ISLANDS
33,BN,BRUNEI
34,BG,BULGARIA
35,BF,BURKINA FASO
36,BI,BURUNDI
37,CV,CABO VERDE
38,KH,CAMBODIA
39,CM,CAMEROON
40,CA,CANADA
41,KY,CAYMAN ISLANDS
42,CF,CENTRAL AFRICAN REPUBLIC
43,TD,CHAD
44,CL,CHILE
45,CN,CHINA
46,CX,CHRISTMAS ISLAND
47,CC,COCOS [KEELING] ISLANDS
48,CO,COLOMBIA
49,KM,COMOROS
50,CD,CONGO
51,CK,COOK ISLANDS
52,CR,COSTA RICA
53,HR,CROATIA
54,CU,CUBA
55,CW,CURAÇAO
56,CY,CYPRUS
57,CZ,CZECHIA
58,TL,DEMOCRATIC REPUBLIC OF TIMOR-LESTE
59,DK,DENMARK
60,DJ,DJIBOUTI
61,DM,DOMINICA
62,DO,DOMINICAN REPUBLIC
63,EC,ECUADOR
64,EG,EGYPT
65,SV,EL SALVADOR
66,GQ,EQUATORIAL GUINEA
67,ER,ERITREA
68,EE,ESTONIA
69,ET,ETHIOPIA
70,FK,FALKLAND ISLANDS
71,FO,FAROE ISLANDS
72,FM,FEDERATED STATES OF MICRONESIA
73,FJ,FIJI
74,FI,FINLAND
75,FR,FRANCE
76,GF,FRENCH GUIANA
77,PF,FRENCH POLYNESIA
78,TF,FRENCH SOUTHERN TERRITORIES
79,GA,GABON
80,GM,GAMBIA
81,GE,GEORGIA
82,DE,GERMANY
83,GH,GHANA
84,GI,GIBRALTAR
85,GR,GREECE
86,GL,GREENLAND
87,GD,GRENADA
88,GP,GUADELOUPE
89,GU,GUAM
90,GT,GUATEMALA
91,GG,GUERNSEY
92,GN,GUINEA
93,GW,GUINEA-BISSAU
94,GY,GUYANA
95,HT,HAITI
96,JO,HASHEMITE KINGDOM OF JORDAN
97,HM,HEARD ISLAND AND MCDONALD ISLANDS
98,HN,HONDURAS
99,HK,HONG KONG
100,HU,HUNGARY
101,IS,ICELAND
102,IN,INDIA
103,ID,INDONESIA
104,IR,IRAN
105,IQ,IRAQ
106,IE,IRELAND
107,IM,ISLE OF MAN
108,IL,ISRAEL
109,IT,ITALY
110,CI,IVORY COAST
111,JM,JAMAICA
112,JP,JAPAN
113,JE,JERSEY
114,KZ,KAZAKHSTAN
115,KE,KENYA
116,KI,KIRIBATI
117,XK,KOSOVO
118,KW,KUWAIT
119,KG,KYRGYZSTAN
120,LA,LAOS
121,LV,LATVIA
122,LB,LEBANON
123,LS,LESOTHO
124,LR,LIBERIA
125,LY,LIBYA
126,LI,LIECHTENSTEIN
127,LU,LUXEMBOURG
128,MO,MACAO
129,MK,MACEDONIA
130,MG,MADAGASCAR
131,MW,MALAWI
132,MY,MALAYSIA
133,MV,MALDIVES
134,ML,MALI
135,MT,MALTA
136,MH,MARSHALL ISLANDS
137,MQ,MARTINIQUE
138,MR,MAURITANIA
139,MU,MAURITIUS
140,YT,MAYOTTE
141,MX,MEXICO
142,MC,MONACO
143,MN,MONGOLIA
144,ME,MONTENEGRO
145,MS,MONTSERRAT
146,MA,MOROCCO
147,MZ,MOZAMBIQUE
148,MM,MYANMAR
149,NA,NAMIBIA
150,NR,NAURU
151,NP,NEPAL
152,NL,NETHERLANDS
153,NC,NEW CALEDONIA
154,NZ,NEW ZEALAND
155,NI,NICARAGUA
156,NE,NIGER
157,NG,NIGERIA
158,NU,NIUE
159,NF,NORFOLK ISLAND
160,KP,NORTH KOREA
161,MP,NORTHERN MARIANA ISLANDS
162,NO,NORWAY
163,OM,OMAN
164,PK,PAKISTAN
165,PW,PALAU
166,PS,PALESTINE
167,PA,PANAMA
168,PG,PAPUA NEW GUINEA
169,PY,PARAGUAY
170,PE,PERU
171,PH,PHILIPPINES
172,PN,PITCAIRN ISLANDS
173,PL,POLAND
174,PT,PORTUGAL
175,PR,PUERTO RICO
176,QA,QATAR
177,KR,SOUTH KOREA
178,LT,LITHUANIA
179,MD,MOLDOVA
180,CG,REPUBLIC OF THE CONGO
181,RE,RÉUNION
182,RO,ROMANIA
183,RU,RUSSIA
184,RW,RWANDA
185,SH,SAINT HELENA
186,LC,SAINT LUCIA
187,MF,SAINT MARTIN
188,PM,SAINT PIERRE AND MIQUELON
189,VC,SAINT VINCENT AND THE GRENADINES
190,BL,SAINT-BARTHÉLEMY
191,WS,SAMOA
192,SM,SAN MARINO
193,ST,SÃO TOMÉ AND PRÍNCIPE
194,SA,SAUDI ARABIA
195,SN,SENEGAL
196,RS,SERBIA
197,SC,SEYCHELLES
198,SL,SIERRA LEONE
199,SG,SINGAPORE
200,SX,SINT MAARTEN
201,SK,SLOVAKIA
202,SI,SLOVENIA
203,SB,SOLOMON ISLANDS
204,SO,SOMALIA
205,ZA,SOUTH AFRICA
206,GS,SOUTH GEORGIA AND THE SOUTH SANDWICH ISLANDS
207,SS,SOUTH SUDAN
208,ES,SPAIN
209,LK,SRI LANKA
210,KN,ST KITTS AND NEVIS
211,SD,SUDAN
212,SR,SURINAME
213,SZ,SWAZILAND
214,SE,SWEDEN
215,CH,SWITZERLAND
216,SY,SYRIA
217,TW,TAIWAN
218,TJ,TAJIKISTAN
219,TZ,TANZANIA
220,TH,THAILAND
221,TG,TOGO
222,TK,TOKELAU
223,TO,TONGA
224,TT,TRINIDAD AND TOBAGO
225,TN,TUNISIA
226,TR,TURKEY
227,TM,TURKMENISTAN
228,TC,TURKS AND CAICOS ISLANDS
229,TV,TUVALU
230,UM,U.S. MINOR OUTLYING ISLANDS
231,VI,U.S. VIRGIN ISLANDS
232,UG,UGANDA
233,UA,UKRAINE
234,AE,UNITED ARAB EMIRATES
235,GB,UNITED KINGDOM
236,US,UNITED STATES
237,UY,URUGUAY
238,UZ,UZBEKISTAN
239,VU,VANUATU
240,VA,VATICAN CITY
241,VE,VENEZUELA
242,VN,VIETNAM
243,WF,WALLIS AND FUTUNA
244,YE,YEMEN
245,ZM,ZAMBIA
246,ZW,ZIMBABWE
247,AS,AMERICAN SAMOA
248,AQ,ANTARCTICA
249,EH,WESTERN SAHARA
250,SJ,SVALBARD AND JAN MAYEN
